CO2,datetime,temp_air,f_start,f_fluxid,f_end,atm_press
375.74103,2026-01-26T08:37:00Z,27.15,2026-01-26T08:37:00Z,270,2026-01-26T08:40:00Z,0.99094
377.22495,2026-01-26T08:37:01Z,27.13,2026-01-26T08:37:00Z,270,2026-01-26T08:40:00Z,0.99094
378.97665,2026-01-26T08:37:02Z,27.12,2026-01-26T08:37:00Z,270,2026-01-26T08:40:00Z,0.99094
382.1123,2026-01-26T08:37:03Z,27.11,2026-01-26T08:37:00Z,270,2026-01-26T08:40:00Z,0.99094
384.19495,2026-01-26T08:37:04Z,27.1,2026-01-26T08:37:00Z,270,2026-01-26T08:40:00Z,0.99094
385.81946,2026-01-26T08:37:05Z,27.09,2026-01-26T08:37:00Z,270,2026-01-26T08:40:00Z,0.99094
385.87851,2026-01-26T08:37:06Z,27.07,2026-01-26T08:37:00Z,270,2026-01-26T08:40:00Z,0.99094
388.18195,2026-01-26T08:37:07Z,27.06,2026-01-26T08:37:00Z,270,2026-01-26T08:40:00Z,0.99094
387.12915,2026-01-26T08:37:08Z,27.05,2026-01-26T08:37:00Z,270,2026-01-26T08:40:00Z,0.99094
385.44275,2026-01-26T08:37:09Z,27.04,2026-01-26T08:37:00Z,270,2026-01-26T08:40:00Z,0.99094
386.62399,2026-01-26T08:37:10Z,27.04,2026-01-26T08:37:00Z,270,2026-01-26T08:40:00Z,0.99094
389.09091,2026-01-26T08:37:11Z,27.03,2026-01-26T08:37:00Z,270,2026-01-26T08:40:00Z,0.99094
393.62531,2026-01-26T08:37:12Z,27.02,2026-01-26T08:37:00Z,270,2026-01-26T08:40:00Z,0.99094
393.58932,2026-01-26T08:37:13Z,27.01,2026-01-26T08:37:00Z,270,2026-01-26T08:40:00Z,0.99094
393.60703,2026-01-26T08:37:14Z,27.01,2026-01-26T08:37:00Z,270,2026-01-26T08:40:00Z,0.99094
394.55765,2026-01-26T08:37:15Z,27.01,2026-01-26T08:37:00Z,270,2026-01-26T08:40:00Z,0.99094
396.49289,2026-01-26T08:37:16Z,27,2026-01-26T08:37:00Z,270,2026-01-26T08:40:00Z,0.99094
399.62369,2026-01-26T08:37:17Z,27,2026-01-26T08:37:00Z,270,2026-01-26T08:40:00Z,0.99094
398.28534,2026-01-26T08:37:18Z,26.99,2026-01-26T08:37:00Z,270,2026-01-26T08:40:00Z,0.99094
400.33783,2026-01-26T08:37:19Z,27,2026-01-26T08:37:00Z,270,2026-01-26T08:40:00Z,0.99094
401.9783,2026-01-26T08:37:20Z,27,2026-01-26T08:37:00Z,270,2026-01-26T08:40:00Z,0.99094
401.84277,2026-01-26T08:37:21Z,27,2026-01-26T08:37:00Z,270,2026-01-26T08:40:00Z,0.99094
403.21057,2026-01-26T08:37:22Z,27,2026-01-26T08:37:00Z,270,2026-01-26T08:40:00Z,0.99094
404.2421,2026-01-26T08:37:23Z,26.99,2026-01-26T08:37:00Z,270,2026-01-26T08:40:00Z,0.99094
402.96594,2026-01-26T08:37:24Z,27,2026-01-26T08:37:00Z,270,2026-01-26T08:40:00Z,0.99094
402.6265,2026-01-26T08:37:25Z,27.01,2026-01-26T08:37:00Z,270,2026-01-26T08:40:00Z,0.99094
402.70975,2026-01-26T08:37:26Z,27.01,2026-01-26T08:37:00Z,270,2026-01-26T08:40:00Z,0.99094
401.07022,2026-01-26T08:37:27Z,27.01,2026-01-26T08:37:00Z,270,2026-01-26T08:40:00Z,0.99094
400.65939,2026-01-26T08:37:28Z,27.02,2026-01-26T08:37:00Z,270,2026-01-26T08:40:00Z,0.99094
400.75589,2026-01-26T08:37:29Z,27.03,2026-01-26T08:37:00Z,270,2026-01-26T08:40:00Z,0.99094
399.86224,2026-01-26T08:37:30Z,27.03,2026-01-26T08:37:00Z,270,2026-01-26T08:40:00Z,0.99094
398.332,2026-01-26T08:37:31Z,27.04,2026-01-26T08:37:00Z,270,2026-01-26T08:40:00Z,0.99094
398.22809,2026-01-26T08:37:32Z,27.05,2026-01-26T08:37:00Z,270,2026-01-26T08:40:00Z,0.99094
401.04086,2026-01-26T08:37:33Z,27.05,2026-01-26T08:37:00Z,270,2026-01-26T08:40:00Z,0.99094
400.62668,2026-01-26T08:37:34Z,27.06,2026-01-26T08:37:00Z,270,2026-01-26T08:40:00Z,0.99094
401.93039,2026-01-26T08:37:35Z,27.07,2026-01-26T08:37:00Z,270,2026-01-26T08:40:00Z,0.99094
405.32324,2026-01-26T08:37:36Z,27.08,2026-01-26T08:37:00Z,270,2026-01-26T08:40:00Z,0.99094
406.87491,2026-01-26T08:37:37Z,27.09,2026-01-26T08:37:00Z,270,2026-01-26T08:40:00Z,0.99094
406.9541,2026-01-26T08:37:38Z,27.1,2026-01-26T08:37:00Z,270,2026-01-26T08:40:00Z,0.99094
407.49789,2026-01-26T08:37:39Z,27.11,2026-01-26T08:37:00Z,270,2026-01-26T08:40:00Z,0.99094
406.629,2026-01-26T08:37:40Z,27.12,2026-01-26T08:37:00Z,270,2026-01-26T08:40:00Z,0.99094
406.60541,2026-01-26T08:37:41Z,27.13,2026-01-26T08:37:00Z,270,2026-01-26T08:40:00Z,0.99094
406.30484,2026-01-26T08:37:42Z,27.14,2026-01-26T08:37:00Z,270,2026-01-26T08:40:00Z,0.99094
407.55426,2026-01-26T08:37:43Z,27.15,2026-01-26T08:37:00Z,270,2026-01-26T08:40:00Z,0.99094
410.01553,2026-01-26T08:37:44Z,27.17,2026-01-26T08:37:00Z,270,2026-01-26T08:40:00Z,0.99094
409.70731,2026-01-26T08:37:45Z,27.18,2026-01-26T08:37:00Z,270,2026-01-26T08:40:00Z,0.99094
411.17609,2026-01-26T08:37:46Z,27.19,2026-01-26T08:37:00Z,270,2026-01-26T08:40:00Z,0.99094
414.59393,2026-01-26T08:37:47Z,27.21,2026-01-26T08:37:00Z,270,2026-01-26T08:40:00Z,0.99094
414.44766,2026-01-26T08:37:48Z,27.22,2026-01-26T08:37:00Z,270,2026-01-26T08:40:00Z,0.99094
416.733,2026-01-26T08:37:49Z,27.23,2026-01-26T08:37:00Z,270,2026-01-26T08:40:00Z,0.99094
422.97595,2026-01-26T08:37:50Z,27.25,2026-01-26T08:37:00Z,270,2026-01-26T08:40:00Z,0.99094
424.83334,2026-01-26T08:37:51Z,27.26,2026-01-26T08:37:00Z,270,2026-01-26T08:40:00Z,0.99094
424.06561,2026-01-26T08:37:52Z,27.28,2026-01-26T08:37:00Z,270,2026-01-26T08:40:00Z,0.99094
424.20856,2026-01-26T08:37:53Z,27.29,2026-01-26T08:37:00Z,270,2026-01-26T08:40:00Z,0.99094
425.05515,2026-01-26T08:37:54Z,27.31,2026-01-26T08:37:00Z,270,2026-01-26T08:40:00Z,0.99094
425.24802,2026-01-26T08:37:55Z,27.32,2026-01-26T08:37:00Z,270,2026-01-26T08:40:00Z,0.99094
423.42896,2026-01-26T08:37:56Z,27.35,2026-01-26T08:37:00Z,270,2026-01-26T08:40:00Z,0.99094
424.46445,2026-01-26T08:37:57Z,27.36,2026-01-26T08:37:00Z,270,2026-01-26T08:40:00Z,0.99094
421.6821,2026-01-26T08:37:58Z,27.38,2026-01-26T08:37:00Z,270,2026-01-26T08:40:00Z,0.99094
419.92764,2026-01-26T08:37:59Z,27.4,2026-01-26T08:37:00Z,270,2026-01-26T08:40:00Z,0.99094
418.3606,2026-01-26T08:38:00Z,27.42,2026-01-26T08:37:00Z,270,2026-01-26T08:40:00Z,0.99094
419.17758,2026-01-26T08:38:01Z,27.43,2026-01-26T08:37:00Z,270,2026-01-26T08:40:00Z,0.99094
418.62515,2026-01-26T08:38:02Z,27.45,2026-01-26T08:37:00Z,270,2026-01-26T08:40:00Z,0.99094
419.91806,2026-01-26T08:38:03Z,27.47,2026-01-26T08:37:00Z,270,2026-01-26T08:40:00Z,0.99094
418.4595,2026-01-26T08:38:04Z,27.49,2026-01-26T08:37:00Z,270,2026-01-26T08:40:00Z,0.99094
419.31595,2026-01-26T08:38:05Z,27.5,2026-01-26T08:37:00Z,270,2026-01-26T08:40:00Z,0.99094
418.33502,2026-01-26T08:38:06Z,27.53,2026-01-26T08:37:00Z,270,2026-01-26T08:40:00Z,0.99094
421.06622,2026-01-26T08:38:07Z,27.55,2026-01-26T08:37:00Z,270,2026-01-26T08:40:00Z,0.99094
422.15576,2026-01-26T08:38:08Z,27.57,2026-01-26T08:37:00Z,270,2026-01-26T08:40:00Z,0.99094
421.63309,2026-01-26T08:38:09Z,27.59,2026-01-26T08:37:00Z,270,2026-01-26T08:40:00Z,0.99094
423.00659,2026-01-26T08:38:10Z,27.61,2026-01-26T08:37:00Z,270,2026-01-26T08:40:00Z,0.99094
427.23218,2026-01-26T08:38:11Z,27.63,2026-01-26T08:37:00Z,270,2026-01-26T08:40:00Z,0.99094
428.53244,2026-01-26T08:38:12Z,27.65,2026-01-26T08:37:00Z,270,2026-01-26T08:40:00Z,0.99094
428.20563,2026-01-26T08:38:13Z,27.68,2026-01-26T08:37:00Z,270,2026-01-26T08:40:00Z,0.99094
427.12207,2026-01-26T08:38:14Z,27.7,2026-01-26T08:37:00Z,270,2026-01-26T08:40:00Z,0.99094
425.09579,2026-01-26T08:38:15Z,27.71,2026-01-26T08:37:00Z,270,2026-01-26T08:40:00Z,0.99094
425.48212,2026-01-26T08:38:16Z,27.74,2026-01-26T08:37:00Z,270,2026-01-26T08:40:00Z,0.99094
427.96109,2026-01-26T08:38:17Z,27.76,2026-01-26T08:37:00Z,270,2026-01-26T08:40:00Z,0.99094
432.05511,2026-01-26T08:38:18Z,27.78,2026-01-26T08:37:00Z,270,2026-01-26T08:40:00Z,0.99094
433.16373,2026-01-26T08:38:19Z,27.8,2026-01-26T08:37:00Z,270,2026-01-26T08:40:00Z,0.99094
433.32346,2026-01-26T08:38:20Z,27.83,2026-01-26T08:37:00Z,270,2026-01-26T08:40:00Z,0.99094
434.7377,2026-01-26T08:38:21Z,27.86,2026-01-26T08:37:00Z,270,2026-01-26T08:40:00Z,0.99094
437.52963,2026-01-26T08:38:22Z,27.87,2026-01-26T08:37:00Z,270,2026-01-26T08:40:00Z,0.99094
438.81741,2026-01-26T08:38:23Z,27.9,2026-01-26T08:37:00Z,270,2026-01-26T08:40:00Z,0.99094
440.90344,2026-01-26T08:38:24Z,27.93,2026-01-26T08:37:00Z,270,2026-01-26T08:40:00Z,0.99094
442.84439,2026-01-26T08:38:25Z,27.95,2026-01-26T08:37:00Z,270,2026-01-26T08:40:00Z,0.99094
443.48691,2026-01-26T08:38:26Z,27.97,2026-01-26T08:37:00Z,270,2026-01-26T08:40:00Z,0.99094
442.48569,2026-01-26T08:38:27Z,27.99,2026-01-26T08:37:00Z,270,2026-01-26T08:40:00Z,0.99094
441.07458,2026-01-26T08:38:28Z,28.02,2026-01-26T08:37:00Z,270,2026-01-26T08:40:00Z,0.99094
438.06781,2026-01-26T08:38:29Z,28.04,2026-01-26T08:37:00Z,270,2026-01-26T08:40:00Z,0.99094
436.29547,2026-01-26T08:38:30Z,28.06,2026-01-26T08:37:00Z,270,2026-01-26T08:40:00Z,0.99094
435.30746,2026-01-26T08:38:31Z,28.08,2026-01-26T08:37:00Z,270,2026-01-26T08:40:00Z,0.99094
433.2999,2026-01-26T08:38:32Z,28.1,2026-01-26T08:37:00Z,270,2026-01-26T08:40:00Z,0.99094
433.27908,2026-01-26T08:38:33Z,28.13,2026-01-26T08:37:00Z,270,2026-01-26T08:40:00Z,0.99094
436.44794,2026-01-26T08:38:34Z,28.16,2026-01-26T08:37:00Z,270,2026-01-26T08:40:00Z,0.99094
441.15924,2026-01-26T08:38:35Z,28.19,2026-01-26T08:37:00Z,270,2026-01-26T08:40:00Z,0.99094
446.67963,2026-01-26T08:38:36Z,28.2,2026-01-26T08:37:00Z,270,2026-01-26T08:40:00Z,0.99094
451.25385,2026-01-26T08:38:37Z,28.23,2026-01-26T08:37:00Z,270,2026-01-26T08:40:00Z,0.99094
454.07864,2026-01-26T08:38:38Z,28.25,2026-01-26T08:37:00Z,270,2026-01-26T08:40:00Z,0.99094
450.24271,2026-01-26T08:38:39Z,28.27,2026-01-26T08:37:00Z,270,2026-01-26T08:40:00Z,0.99094
446.88437,2026-01-26T08:38:40Z,28.29,2026-01-26T08:37:00Z,270,2026-01-26T08:40:00Z,0.99094
445.14725,2026-01-26T08:38:41Z,28.32,2026-01-26T08:37:00Z,270,2026-01-26T08:40:00Z,0.99094
448.03027,2026-01-26T08:38:42Z,28.35,2026-01-26T08:37:00Z,270,2026-01-26T08:40:00Z,0.99094
447.82227,2026-01-26T08:38:43Z,28.37,2026-01-26T08:37:00Z,270,2026-01-26T08:40:00Z,0.99094
446.83218,2026-01-26T08:38:44Z,28.39,2026-01-26T08:37:00Z,270,2026-01-26T08:40:00Z,0.99094
446.89554,2026-01-26T08:38:45Z,28.42,2026-01-26T08:37:00Z,270,2026-01-26T08:40:00Z,0.99094
447.61649,2026-01-26T08:38:46Z,28.44,2026-01-26T08:37:00Z,270,2026-01-26T08:40:00Z,0.99094
448.68039,2026-01-26T08:38:47Z,28.46,2026-01-26T08:37:00Z,270,2026-01-26T08:40:00Z,0.99094
452.01843,2026-01-26T08:38:48Z,28.49,2026-01-26T08:37:00Z,270,2026-01-26T08:40:00Z,0.99094
452.45987,2026-01-26T08:38:49Z,28.51,2026-01-26T08:37:00Z,270,2026-01-26T08:40:00Z,0.99094
455.76273,2026-01-26T08:38:50Z,28.53,2026-01-26T08:37:00Z,270,2026-01-26T08:40:00Z,0.99094
455.9032,2026-01-26T08:38:51Z,28.56,2026-01-26T08:37:00Z,270,2026-01-26T08:40:00Z,0.99094
453.3631,2026-01-26T08:38:52Z,28.58,2026-01-26T08:37:00Z,270,2026-01-26T08:40:00Z,0.99094
454.00449,2026-01-26T08:38:53Z,28.6,2026-01-26T08:37:00Z,270,2026-01-26T08:40:00Z,0.99094
452.45477,2026-01-26T08:38:54Z,28.63,2026-01-26T08:37:00Z,270,2026-01-26T08:40:00Z,0.99094
453.1713,2026-01-26T08:38:55Z,28.65,2026-01-26T08:37:00Z,270,2026-01-26T08:40:00Z,0.99094
450.57236,2026-01-26T08:38:56Z,28.67,2026-01-26T08:37:00Z,270,2026-01-26T08:40:00Z,0.99094
452.29013,2026-01-26T08:38:57Z,28.69,2026-01-26T08:37:00Z,270,2026-01-26T08:40:00Z,0.99094
451.3053,2026-01-26T08:38:58Z,28.72,2026-01-26T08:37:00Z,270,2026-01-26T08:40:00Z,0.99094
450.02579,2026-01-26T08:38:59Z,28.74,2026-01-26T08:37:00Z,270,2026-01-26T08:40:00Z,0.99094
450.98523,2026-01-26T08:39:00Z,28.76,2026-01-26T08:37:00Z,270,2026-01-26T08:40:00Z,0.99094
451.87216,2026-01-26T08:39:01Z,28.78,2026-01-26T08:37:00Z,270,2026-01-26T08:40:00Z,0.99094
449.98212,2026-01-26T08:39:02Z,28.8,2026-01-26T08:37:00Z,270,2026-01-26T08:40:00Z,0.99094
448.10605,2026-01-26T08:39:03Z,28.82,2026-01-26T08:37:00Z,270,2026-01-26T08:40:00Z,0.99094
449.64136,2026-01-26T08:39:04Z,28.83,2026-01-26T08:37:00Z,270,2026-01-26T08:40:00Z,0.99094
451.45441,2026-01-26T08:39:05Z,28.85,2026-01-26T08:37:00Z,270,2026-01-26T08:40:00Z,0.99094
451.9866,2026-01-26T08:39:06Z,28.87,2026-01-26T08:37:00Z,270,2026-01-26T08:40:00Z,0.99094
451.49118,2026-01-26T08:39:07Z,28.9,2026-01-26T08:37:00Z,270,2026-01-26T08:40:00Z,0.99094
447.88196,2026-01-26T08:39:08Z,28.92,2026-01-26T08:37:00Z,270,2026-01-26T08:40:00Z,0.99094
447.37979,2026-01-26T08:39:09Z,28.94,2026-01-26T08:37:00Z,270,2026-01-26T08:40:00Z,0.99094
448.87466,2026-01-26T08:39:10Z,28.95,2026-01-26T08:37:00Z,270,2026-01-26T08:40:00Z,0.99094
450.44366,2026-01-26T08:39:11Z,28.97,2026-01-26T08:37:00Z,270,2026-01-26T08:40:00Z,0.99094
451.33319,2026-01-26T08:39:12Z,28.99,2026-01-26T08:37:00Z,270,2026-01-26T08:40:00Z,0.99094
449.31409,2026-01-26T08:39:13Z,29.01,2026-01-26T08:37:00Z,270,2026-01-26T08:40:00Z,0.99094
447.87378,2026-01-26T08:39:14Z,29.02,2026-01-26T08:37:00Z,270,2026-01-26T08:40:00Z,0.99094
446.7431,2026-01-26T08:39:15Z,29.04,2026-01-26T08:37:00Z,270,2026-01-26T08:40:00Z,0.99094
444.65637,2026-01-26T08:39:16Z,29.06,2026-01-26T08:37:00Z,270,2026-01-26T08:40:00Z,0.99094
444.16345,2026-01-26T08:39:17Z,29.08,2026-01-26T08:37:00Z,270,2026-01-26T08:40:00Z,0.99094
442.99884,2026-01-26T08:39:18Z,29.1,2026-01-26T08:37:00Z,270,2026-01-26T08:40:00Z,0.99094
443.95416,2026-01-26T08:39:19Z,29.12,2026-01-26T08:37:00Z,270,2026-01-26T08:40:00Z,0.99094
445.59509,2026-01-26T08:39:20Z,29.14,2026-01-26T08:37:00Z,270,2026-01-26T08:40:00Z,0.99094
445.38947,2026-01-26T08:39:21Z,29.16,2026-01-26T08:37:00Z,270,2026-01-26T08:40:00Z,0.99094
446.14081,2026-01-26T08:39:22Z,29.18,2026-01-26T08:37:00Z,270,2026-01-26T08:40:00Z,0.99094
445.47375,2026-01-26T08:39:23Z,29.19,2026-01-26T08:37:00Z,270,2026-01-26T08:40:00Z,0.99094
446.7211,2026-01-26T08:39:24Z,29.22,2026-01-26T08:37:00Z,270,2026-01-26T08:40:00Z,0.99094
452.10345,2026-01-26T08:39:25Z,29.23,2026-01-26T08:37:00Z,270,2026-01-26T08:40:00Z,0.99094
452.63724,2026-01-26T08:39:26Z,29.26,2026-01-26T08:37:00Z,270,2026-01-26T08:40:00Z,0.99094
452.52365,2026-01-26T08:39:27Z,29.28,2026-01-26T08:37:00Z,270,2026-01-26T08:40:00Z,0.99094
453.07178,2026-01-26T08:39:28Z,29.29,2026-01-26T08:37:00Z,270,2026-01-26T08:40:00Z,0.99094
452.8295,2026-01-26T08:39:29Z,29.31,2026-01-26T08:37:00Z,270,2026-01-26T08:40:00Z,0.99094
453.79077,2026-01-26T08:39:30Z,29.33,2026-01-26T08:37:00Z,270,2026-01-26T08:40:00Z,0.99094
452.73077,2026-01-26T08:39:31Z,29.36,2026-01-26T08:37:00Z,270,2026-01-26T08:40:00Z,0.99094
450.98892,2026-01-26T08:39:32Z,29.38,2026-01-26T08:37:00Z,270,2026-01-26T08:40:00Z,0.99094
451.04315,2026-01-26T08:39:33Z,29.39,2026-01-26T08:37:00Z,270,2026-01-26T08:40:00Z,0.99094
450.08636,2026-01-26T08:39:34Z,29.41,2026-01-26T08:37:00Z,270,2026-01-26T08:40:00Z,0.99094
449.46088,2026-01-26T08:39:35Z,29.43,2026-01-26T08:37:00Z,270,2026-01-26T08:40:00Z,0.99094
448.46783,2026-01-26T08:39:36Z,29.45,2026-01-26T08:37:00Z,270,2026-01-26T08:40:00Z,0.99094
446.8472,2026-01-26T08:39:37Z,29.46,2026-01-26T08:37:00Z,270,2026-01-26T08:40:00Z,0.99094
447.73163,2026-01-26T08:39:38Z,29.48,2026-01-26T08:37:00Z,270,2026-01-26T08:40:00Z,0.99094
445.37512,2026-01-26T08:39:39Z,29.5,2026-01-26T08:37:00Z,270,2026-01-26T08:40:00Z,0.99094
444.81244,2026-01-26T08:39:40Z,29.52,2026-01-26T08:37:00Z,270,2026-01-26T08:40:00Z,0.99094
444.02997,2026-01-26T08:39:41Z,29.53,2026-01-26T08:37:00Z,270,2026-01-26T08:40:00Z,0.99094
444.65228,2026-01-26T08:39:42Z,29.55,2026-01-26T08:37:00Z,270,2026-01-26T08:40:00Z,0.99094
444.22906,2026-01-26T08:39:43Z,29.58,2026-01-26T08:37:00Z,270,2026-01-26T08:40:00Z,0.99094
444.11295,2026-01-26T08:39:44Z,29.59,2026-01-26T08:37:00Z,270,2026-01-26T08:40:00Z,0.99094
445.177,2026-01-26T08:39:45Z,29.61,2026-01-26T08:37:00Z,270,2026-01-26T08:40:00Z,0.99094
446.43436,2026-01-26T08:39:46Z,29.62,2026-01-26T08:37:00Z,270,2026-01-26T08:40:00Z,0.99094
446.61703,2026-01-26T08:39:47Z,29.64,2026-01-26T08:37:00Z,270,2026-01-26T08:40:00Z,0.99094
445.92258,2026-01-26T08:39:48Z,29.66,2026-01-26T08:37:00Z,270,2026-01-26T08:40:00Z,0.99094
444.29248,2026-01-26T08:39:49Z,29.67,2026-01-26T08:37:00Z,270,2026-01-26T08:40:00Z,0.99094
442.74103,2026-01-26T08:39:50Z,29.69,2026-01-26T08:37:00Z,270,2026-01-26T08:40:00Z,0.99094
442.60611,2026-01-26T08:39:51Z,29.7,2026-01-26T08:37:00Z,270,2026-01-26T08:40:00Z,0.99094
443.29877,2026-01-26T08:39:52Z,29.72,2026-01-26T08:37:00Z,270,2026-01-26T08:40:00Z,0.99094
442.92108,2026-01-26T08:39:53Z,29.73,2026-01-26T08:37:00Z,270,2026-01-26T08:40:00Z,0.99094
441.12796,2026-01-26T08:39:54Z,29.75,2026-01-26T08:37:00Z,270,2026-01-26T08:40:00Z,0.99094
438.59824,2026-01-26T08:39:55Z,29.77,2026-01-26T08:37:00Z,270,2026-01-26T08:40:00Z,0.99094
438.19177,2026-01-26T08:39:56Z,29.79,2026-01-26T08:37:00Z,270,2026-01-26T08:40:00Z,0.99094
439.84897,2026-01-26T08:39:57Z,29.79,2026-01-26T08:37:00Z,270,2026-01-26T08:40:00Z,0.99094
439.32501,2026-01-26T08:39:58Z,29.82,2026-01-26T08:37:00Z,270,2026-01-26T08:40:00Z,0.99094
437.35751,2026-01-26T08:39:59Z,29.82,2026-01-26T08:37:00Z,270,2026-01-26T08:40:00Z,0.99094
384.18631,2026-01-29T09:30:20Z,24.14,2026-01-29T09:30:20Z,427,2026-01-29T09:33:20Z,0.9896313157894737
384.19949,2026-01-29T09:30:21Z,24.17,2026-01-29T09:30:20Z,427,2026-01-29T09:33:20Z,0.9896313157894737
383.17404,2026-01-29T09:30:22Z,24.2,2026-01-29T09:30:20Z,427,2026-01-29T09:33:20Z,0.9896313157894737
382.26404,2026-01-29T09:30:23Z,24.24,2026-01-29T09:30:20Z,427,2026-01-29T09:33:20Z,0.9896313157894737
380.0835,2026-01-29T09:30:24Z,24.28,2026-01-29T09:30:20Z,427,2026-01-29T09:33:20Z,0.9896313157894737
378.68005,2026-01-29T09:30:25Z,24.32,2026-01-29T09:30:20Z,427,2026-01-29T09:33:20Z,0.9896313157894737
379.47745,2026-01-29T09:30:26Z,24.36,2026-01-29T09:30:20Z,427,2026-01-29T09:33:20Z,0.9896313157894737
378.23645,2026-01-29T09:30:27Z,24.4,2026-01-29T09:30:20Z,427,2026-01-29T09:33:20Z,0.9896313157894737
379.44745,2026-01-29T09:30:28Z,24.45,2026-01-29T09:30:20Z,427,2026-01-29T09:33:20Z,0.9896313157894737
378.82089,2026-01-29T09:30:29Z,24.49,2026-01-29T09:30:20Z,427,2026-01-29T09:33:20Z,0.9896313157894737
378.77728,2026-01-29T09:30:30Z,24.53,2026-01-29T09:30:20Z,427,2026-01-29T09:33:20Z,0.9896313157894737
378.46304,2026-01-29T09:30:31Z,24.58,2026-01-29T09:30:20Z,427,2026-01-29T09:33:20Z,0.9896313157894737
380.05756,2026-01-29T09:30:32Z,24.62,2026-01-29T09:30:20Z,427,2026-01-29T09:33:20Z,0.9896313157894737
379.46964,2026-01-29T09:30:33Z,24.67,2026-01-29T09:30:20Z,427,2026-01-29T09:33:20Z,0.9896313157894737
378.08707,2026-01-29T09:30:34Z,24.71,2026-01-29T09:30:20Z,427,2026-01-29T09:33:20Z,0.9896313157894737
378.49332,2026-01-29T09:30:35Z,24.76,2026-01-29T09:30:20Z,427,2026-01-29T09:33:20Z,0.9896313157894737
377.93259,2026-01-29T09:30:36Z,24.81,2026-01-29T09:30:20Z,427,2026-01-29T09:33:20Z,0.9896313157894737
377.95035,2026-01-29T09:30:37Z,24.85,2026-01-29T09:30:20Z,427,2026-01-29T09:33:20Z,0.9896313157894737
378.32376,2026-01-29T09:30:38Z,24.89,2026-01-29T09:30:20Z,427,2026-01-29T09:33:20Z,0.9896313157894737
377.44461,2026-01-29T09:30:39Z,24.93,2026-01-29T09:30:20Z,427,2026-01-29T09:33:20Z,0.9896313157894737
377.62183,2026-01-29T09:30:40Z,24.97,2026-01-29T09:30:20Z,427,2026-01-29T09:33:20Z,0.9896313157894737
377.35562,2026-01-29T09:30:41Z,25.02,2026-01-29T09:30:20Z,427,2026-01-29T09:33:20Z,0.9896313157894737
376.95123,2026-01-29T09:30:42Z,25.07,2026-01-29T09:30:20Z,427,2026-01-29T09:33:20Z,0.9896313157894737
376.81537,2026-01-29T09:30:43Z,25.11,2026-01-29T09:30:20Z,427,2026-01-29T09:33:20Z,0.9896313157894737
375.88568,2026-01-29T09:30:44Z,25.15,2026-01-29T09:30:20Z,427,2026-01-29T09:33:20Z,0.9896313157894737
375.15805,2026-01-29T09:30:45Z,25.2,2026-01-29T09:30:20Z,427,2026-01-29T09:33:20Z,0.9896313157894737
375.70541,2026-01-29T09:30:46Z,25.25,2026-01-29T09:30:20Z,427,2026-01-29T09:33:20Z,0.9896313157894737
375.46231,2026-01-29T09:30:47Z,25.29,2026-01-29T09:30:20Z,427,2026-01-29T09:33:20Z,0.9896313157894737
373.74237,2026-01-29T09:30:48Z,25.34,2026-01-29T09:30:20Z,427,2026-01-29T09:33:20Z,0.9896313157894737
373.35287,2026-01-29T09:30:49Z,25.38,2026-01-29T09:30:20Z,427,2026-01-29T09:33:20Z,0.9896313157894737
374.66672,2026-01-29T09:30:50Z,25.42,2026-01-29T09:30:20Z,427,2026-01-29T09:33:20Z,0.9896313157894737
374.89752,2026-01-29T09:30:51Z,25.46,2026-01-29T09:30:20Z,427,2026-01-29T09:33:20Z,0.9896313157894737
373.89975,2026-01-29T09:30:52Z,25.51,2026-01-29T09:30:20Z,427,2026-01-29T09:33:20Z,0.9896313157894737
372.59323,2026-01-29T09:30:53Z,25.55,2026-01-29T09:30:20Z,427,2026-01-29T09:33:20Z,0.9896313157894737
373.31198,2026-01-29T09:30:54Z,25.59,2026-01-29T09:30:20Z,427,2026-01-29T09:33:20Z,0.9896313157894737
371.81708,2026-01-29T09:30:55Z,25.63,2026-01-29T09:30:20Z,427,2026-01-29T09:33:20Z,0.9896313157894737
371.60071,2026-01-29T09:30:56Z,25.67,2026-01-29T09:30:20Z,427,2026-01-29T09:33:20Z,0.9896313157894737
370.49756,2026-01-29T09:30:57Z,25.7,2026-01-29T09:30:20Z,427,2026-01-29T09:33:20Z,0.9896313157894737
369.6785,2026-01-29T09:30:58Z,25.75,2026-01-29T09:30:20Z,427,2026-01-29T09:33:20Z,0.9896313157894737
370.29813,2026-01-29T09:30:59Z,25.78,2026-01-29T09:30:20Z,427,2026-01-29T09:33:20Z,0.9896313157894737
370.03442,2026-01-29T09:31:00Z,25.82,2026-01-29T09:30:20Z,427,2026-01-29T09:33:20Z,0.9896313157894737
371.3143,2026-01-29T09:31:01Z,25.85,2026-01-29T09:30:20Z,427,2026-01-29T09:33:20Z,0.9896313157894737
370.50262,2026-01-29T09:31:02Z,25.89,2026-01-29T09:30:20Z,427,2026-01-29T09:33:20Z,0.9896313157894737
370.36209,2026-01-29T09:31:03Z,25.93,2026-01-29T09:30:20Z,427,2026-01-29T09:33:20Z,0.9896313157894737
370.28284,2026-01-29T09:31:04Z,25.96,2026-01-29T09:30:20Z,427,2026-01-29T09:33:20Z,0.9896313157894737
370.94391,2026-01-29T09:31:05Z,26,2026-01-29T09:30:20Z,427,2026-01-29T09:33:20Z,0.9896313157894737
371.16876,2026-01-29T09:31:06Z,26.03,2026-01-29T09:30:20Z,427,2026-01-29T09:33:20Z,0.9896313157894737
371.11395,2026-01-29T09:31:07Z,26.07,2026-01-29T09:30:20Z,427,2026-01-29T09:33:20Z,0.9896313157894737
371.30917,2026-01-29T09:31:08Z,26.11,2026-01-29T09:30:20Z,427,2026-01-29T09:33:20Z,0.9896313157894737
372.07022,2026-01-29T09:31:09Z,26.14,2026-01-29T09:30:20Z,427,2026-01-29T09:33:20Z,0.9896313157894737
371.79242,2026-01-29T09:31:10Z,26.17,2026-01-29T09:30:20Z,427,2026-01-29T09:33:20Z,0.9896313157894737
373.19855,2026-01-29T09:31:11Z,26.2,2026-01-29T09:30:20Z,427,2026-01-29T09:33:20Z,0.9896313157894737
373.20663,2026-01-29T09:31:12Z,26.24,2026-01-29T09:30:20Z,427,2026-01-29T09:33:20Z,0.9896313157894737
375.31149,2026-01-29T09:31:13Z,26.28,2026-01-29T09:30:20Z,427,2026-01-29T09:33:20Z,0.9896313157894737
373.69119,2026-01-29T09:31:14Z,26.31,2026-01-29T09:30:20Z,427,2026-01-29T09:33:20Z,0.9896313157894737
373.64841,2026-01-29T09:31:15Z,26.35,2026-01-29T09:30:20Z,427,2026-01-29T09:33:20Z,0.9896313157894737
372.88141,2026-01-29T09:31:16Z,26.38,2026-01-29T09:30:20Z,427,2026-01-29T09:33:20Z,0.9896313157894737
371.58502,2026-01-29T09:31:17Z,26.41,2026-01-29T09:30:20Z,427,2026-01-29T09:33:20Z,0.9896313157894737
371.08701,2026-01-29T09:31:18Z,26.45,2026-01-29T09:30:20Z,427,2026-01-29T09:33:20Z,0.9896313157894737
372.16046,2026-01-29T09:31:19Z,26.48,2026-01-29T09:30:20Z,427,2026-01-29T09:33:20Z,0.9896313157894737
371.24496,2026-01-29T09:31:20Z,26.51,2026-01-29T09:30:20Z,427,2026-01-29T09:33:20Z,0.9896313157894737
369.07578,2026-01-29T09:31:21Z,26.54,2026-01-29T09:30:20Z,427,2026-01-29T09:33:20Z,0.9896313157894737
369.92975,2026-01-29T09:31:22Z,26.58,2026-01-29T09:30:20Z,427,2026-01-29T09:33:20Z,0.9896313157894737
369.68863,2026-01-29T09:31:23Z,26.61,2026-01-29T09:30:20Z,427,2026-01-29T09:33:20Z,0.9896313157894737
368.68939,2026-01-29T09:31:24Z,26.64,2026-01-29T09:30:20Z,427,2026-01-29T09:33:20Z,0.9896313157894737
368.42749,2026-01-29T09:31:25Z,26.67,2026-01-29T09:30:20Z,427,2026-01-29T09:33:20Z,0.9896313157894737
368.37497,2026-01-29T09:31:26Z,26.69,2026-01-29T09:30:20Z,427,2026-01-29T09:33:20Z,0.9896313157894737
368.25189,2026-01-29T09:31:27Z,26.73,2026-01-29T09:30:20Z,427,2026-01-29T09:33:20Z,0.9896313157894737
366.93765,2026-01-29T09:31:28Z,26.75,2026-01-29T09:30:20Z,427,2026-01-29T09:33:20Z,0.9896313157894737
366.46432,2026-01-29T09:31:29Z,26.78,2026-01-29T09:30:20Z,427,2026-01-29T09:33:20Z,0.9896313157894737
367.55872,2026-01-29T09:31:30Z,26.81,2026-01-29T09:30:20Z,427,2026-01-29T09:33:20Z,0.9896313157894737
367.1875,2026-01-29T09:31:31Z,26.84,2026-01-29T09:30:20Z,427,2026-01-29T09:33:20Z,0.9896313157894737
367.06918,2026-01-29T09:31:32Z,26.87,2026-01-29T09:30:20Z,427,2026-01-29T09:33:20Z,0.9896313157894737
366.82935,2026-01-29T09:31:33Z,26.9,2026-01-29T09:30:20Z,427,2026-01-29T09:33:20Z,0.9896313157894737
367.65643,2026-01-29T09:31:34Z,26.93,2026-01-29T09:30:20Z,427,2026-01-29T09:33:20Z,0.9896313157894737
367.33319,2026-01-29T09:31:35Z,26.97,2026-01-29T09:30:20Z,427,2026-01-29T09:33:20Z,0.9896313157894737
366.8671,2026-01-29T09:31:36Z,27,2026-01-29T09:30:20Z,427,2026-01-29T09:33:20Z,0.9896313157894737
366.52014,2026-01-29T09:31:37Z,27.02,2026-01-29T09:30:20Z,427,2026-01-29T09:33:20Z,0.9896313157894737
366.43365,2026-01-29T09:31:38Z,27.05,2026-01-29T09:30:20Z,427,2026-01-29T09:33:20Z,0.9896313157894737
365.81882,2026-01-29T09:31:39Z,27.07,2026-01-29T09:30:20Z,427,2026-01-29T09:33:20Z,0.9896313157894737
366.53003,2026-01-29T09:31:40Z,27.11,2026-01-29T09:30:20Z,427,2026-01-29T09:33:20Z,0.9896313157894737
365.2616,2026-01-29T09:31:41Z,27.14,2026-01-29T09:30:20Z,427,2026-01-29T09:33:20Z,0.9896313157894737
365.02786,2026-01-29T09:31:42Z,27.16,2026-01-29T09:30:20Z,427,2026-01-29T09:33:20Z,0.9896313157894737
363.47467,2026-01-29T09:31:43Z,27.19,2026-01-29T09:30:20Z,427,2026-01-29T09:33:20Z,0.9896313157894737
364.16406,2026-01-29T09:31:44Z,27.22,2026-01-29T09:30:20Z,427,2026-01-29T09:33:20Z,0.9896313157894737
362.32986,2026-01-29T09:31:45Z,27.25,2026-01-29T09:30:20Z,427,2026-01-29T09:33:20Z,0.9896313157894737
362.25397,2026-01-29T09:31:46Z,27.28,2026-01-29T09:30:20Z,427,2026-01-29T09:33:20Z,0.9896313157894737
360.47757,2026-01-29T09:31:47Z,27.3,2026-01-29T09:30:20Z,427,2026-01-29T09:33:20Z,0.9896313157894737
359.75748,2026-01-29T09:31:48Z,27.31,2026-01-29T09:30:20Z,427,2026-01-29T09:33:20Z,0.9896313157894737
359.45502,2026-01-29T09:31:49Z,27.33,2026-01-29T09:30:20Z,427,2026-01-29T09:33:20Z,0.9896313157894737
361.26077,2026-01-29T09:31:50Z,27.34,2026-01-29T09:30:20Z,427,2026-01-29T09:33:20Z,0.9896313157894737
361.84372,2026-01-29T09:31:51Z,27.35,2026-01-29T09:30:20Z,427,2026-01-29T09:33:20Z,0.9896313157894737
362.20801,2026-01-29T09:31:52Z,27.37,2026-01-29T09:30:20Z,427,2026-01-29T09:33:20Z,0.9896313157894737
361.1022,2026-01-29T09:31:53Z,27.38,2026-01-29T09:30:20Z,427,2026-01-29T09:33:20Z,0.9896313157894737
359.81961,2026-01-29T09:31:54Z,27.39,2026-01-29T09:30:20Z,427,2026-01-29T09:33:20Z,0.9896313157894737
361.29858,2026-01-29T09:31:55Z,27.42,2026-01-29T09:30:20Z,427,2026-01-29T09:33:20Z,0.9896313157894737
359.82401,2026-01-29T09:31:56Z,27.44,2026-01-29T09:30:20Z,427,2026-01-29T09:33:20Z,0.9896313157894737
360.48181,2026-01-29T09:31:57Z,27.46,2026-01-29T09:30:20Z,427,2026-01-29T09:33:20Z,0.9896313157894737
360.10846,2026-01-29T09:31:58Z,27.48,2026-01-29T09:30:20Z,427,2026-01-29T09:33:20Z,0.9896313157894737
359.9516,2026-01-29T09:31:59Z,27.51,2026-01-29T09:30:20Z,427,2026-01-29T09:33:20Z,0.9896313157894737
361.25308,2026-01-29T09:32:00Z,27.53,2026-01-29T09:30:20Z,427,2026-01-29T09:33:20Z,0.9896313157894737
361.33862,2026-01-29T09:32:01Z,27.56,2026-01-29T09:30:20Z,427,2026-01-29T09:33:20Z,0.9896313157894737
362.00519,2026-01-29T09:32:02Z,27.58,2026-01-29T09:30:20Z,427,2026-01-29T09:33:20Z,0.9896313157894737
362.5892,2026-01-29T09:32:03Z,27.61,2026-01-29T09:30:20Z,427,2026-01-29T09:33:20Z,0.9896313157894737
361.30661,2026-01-29T09:32:04Z,27.64,2026-01-29T09:30:20Z,427,2026-01-29T09:33:20Z,0.9896313157894737
361.01819,2026-01-29T09:32:05Z,27.67,2026-01-29T09:30:20Z,427,2026-01-29T09:33:20Z,0.9896313157894737
360.29773,2026-01-29T09:32:06Z,27.7,2026-01-29T09:30:20Z,427,2026-01-29T09:33:20Z,0.9896313157894737
360.32867,2026-01-29T09:32:07Z,27.73,2026-01-29T09:30:20Z,427,2026-01-29T09:33:20Z,0.9896313157894737
360.35211,2026-01-29T09:32:08Z,27.76,2026-01-29T09:30:20Z,427,2026-01-29T09:33:20Z,0.9896313157894737
358.76016,2026-01-29T09:32:09Z,27.78,2026-01-29T09:30:20Z,427,2026-01-29T09:33:20Z,0.9896313157894737
358.09964,2026-01-29T09:32:10Z,27.8,2026-01-29T09:30:20Z,427,2026-01-29T09:33:20Z,0.9896313157894737
356.21332,2026-01-29T09:32:11Z,27.82,2026-01-29T09:30:20Z,427,2026-01-29T09:33:20Z,0.9896313157894737
356.03714,2026-01-29T09:32:12Z,27.84,2026-01-29T09:30:20Z,427,2026-01-29T09:33:20Z,0.9896313157894737
354.95142,2026-01-29T09:32:13Z,27.86,2026-01-29T09:30:20Z,427,2026-01-29T09:33:20Z,0.9896313157894737
354.37817,2026-01-29T09:32:14Z,27.85,2026-01-29T09:30:20Z,427,2026-01-29T09:33:20Z,0.9896313157894737
353.0976,2026-01-29T09:32:15Z,27.87,2026-01-29T09:30:20Z,427,2026-01-29T09:33:20Z,0.9896313157894737
352.72626,2026-01-29T09:32:16Z,27.87,2026-01-29T09:30:20Z,427,2026-01-29T09:33:20Z,0.9896313157894737
353.16431,2026-01-29T09:32:17Z,27.88,2026-01-29T09:30:20Z,427,2026-01-29T09:33:20Z,0.9896313157894737
353.47702,2026-01-29T09:32:18Z,27.89,2026-01-29T09:30:20Z,427,2026-01-29T09:33:20Z,0.9896313157894737
353.66415,2026-01-29T09:32:19Z,27.9,2026-01-29T09:30:20Z,427,2026-01-29T09:33:20Z,0.9896313157894737
352.37219,2026-01-29T09:32:20Z,27.92,2026-01-29T09:30:20Z,427,2026-01-29T09:33:20Z,0.9896313157894737
351.55875,2026-01-29T09:32:21Z,27.94,2026-01-29T09:30:20Z,427,2026-01-29T09:33:20Z,0.9896313157894737
350.17218,2026-01-29T09:32:22Z,27.96,2026-01-29T09:30:20Z,427,2026-01-29T09:33:20Z,0.9896313157894737
348.43994,2026-01-29T09:32:23Z,28,2026-01-29T09:30:20Z,427,2026-01-29T09:33:20Z,0.9896313157894737
347.75446,2026-01-29T09:32:24Z,28.02,2026-01-29T09:30:20Z,427,2026-01-29T09:33:20Z,0.9896313157894737
348.29953,2026-01-29T09:32:25Z,28.04,2026-01-29T09:30:20Z,427,2026-01-29T09:33:20Z,0.9896313157894737
348.42905,2026-01-29T09:32:26Z,28.06,2026-01-29T09:30:20Z,427,2026-01-29T09:33:20Z,0.9896313157894737
346.21359,2026-01-29T09:32:27Z,28.08,2026-01-29T09:30:20Z,427,2026-01-29T09:33:20Z,0.9896313157894737
345.5148,2026-01-29T09:32:28Z,28.1,2026-01-29T09:30:20Z,427,2026-01-29T09:33:20Z,0.9896313157894737
346.54343,2026-01-29T09:32:29Z,28.12,2026-01-29T09:30:20Z,427,2026-01-29T09:33:20Z,0.9896313157894737
347.46118,2026-01-29T09:32:30Z,28.12,2026-01-29T09:30:20Z,427,2026-01-29T09:33:20Z,0.9896313157894737
349.26398,2026-01-29T09:32:31Z,28.14,2026-01-29T09:30:20Z,427,2026-01-29T09:33:20Z,0.9896313157894737
350.61981,2026-01-29T09:32:32Z,28.14,2026-01-29T09:30:20Z,427,2026-01-29T09:33:20Z,0.9896313157894737
351.78198,2026-01-29T09:32:33Z,28.14,2026-01-29T09:30:20Z,427,2026-01-29T09:33:20Z,0.9896313157894737
351.79236,2026-01-29T09:32:34Z,28.14,2026-01-29T09:30:20Z,427,2026-01-29T09:33:20Z,0.9896313157894737
351.0033,2026-01-29T09:32:35Z,28.14,2026-01-29T09:30:20Z,427,2026-01-29T09:33:20Z,0.9896313157894737
349.81705,2026-01-29T09:32:36Z,28.15,2026-01-29T09:30:20Z,427,2026-01-29T09:33:20Z,0.9896313157894737
350.32788,2026-01-29T09:32:37Z,28.14,2026-01-29T09:30:20Z,427,2026-01-29T09:33:20Z,0.9896313157894737
349.75842,2026-01-29T09:32:38Z,28.14,2026-01-29T09:30:20Z,427,2026-01-29T09:33:20Z,0.9896313157894737
348.78851,2026-01-29T09:32:39Z,28.15,2026-01-29T09:30:20Z,427,2026-01-29T09:33:20Z,0.9896313157894737
348.02676,2026-01-29T09:32:40Z,28.15,2026-01-29T09:30:20Z,427,2026-01-29T09:33:20Z,0.9896313157894737
348.36444,2026-01-29T09:32:41Z,28.16,2026-01-29T09:30:20Z,427,2026-01-29T09:33:20Z,0.9896313157894737
348.20206,2026-01-29T09:32:42Z,28.17,2026-01-29T09:30:20Z,427,2026-01-29T09:33:20Z,0.9896313157894737
348.22424,2026-01-29T09:32:43Z,28.19,2026-01-29T09:30:20Z,427,2026-01-29T09:33:20Z,0.9896313157894737
348.04724,2026-01-29T09:32:44Z,28.2,2026-01-29T09:30:20Z,427,2026-01-29T09:33:20Z,0.9896313157894737
349.57532,2026-01-29T09:32:45Z,28.21,2026-01-29T09:30:20Z,427,2026-01-29T09:33:20Z,0.9896313157894737
351.00961,2026-01-29T09:32:46Z,28.22,2026-01-29T09:30:20Z,427,2026-01-29T09:33:20Z,0.9896313157894737
352.61627,2026-01-29T09:32:47Z,28.22,2026-01-29T09:30:20Z,427,2026-01-29T09:33:20Z,0.9896313157894737
353.05585,2026-01-29T09:32:48Z,28.23,2026-01-29T09:30:20Z,427,2026-01-29T09:33:20Z,0.9896313157894737
354.21671,2026-01-29T09:32:49Z,28.23,2026-01-29T09:30:20Z,427,2026-01-29T09:33:20Z,0.9896313157894737
354.92651,2026-01-29T09:32:50Z,28.23,2026-01-29T09:30:20Z,427,2026-01-29T09:33:20Z,0.9896313157894737
355.25827,2026-01-29T09:32:51Z,28.24,2026-01-29T09:30:20Z,427,2026-01-29T09:33:20Z,0.9896313157894737
355.61627,2026-01-29T09:32:52Z,28.24,2026-01-29T09:30:20Z,427,2026-01-29T09:33:20Z,0.9896313157894737
355.63013,2026-01-29T09:32:53Z,28.25,2026-01-29T09:30:20Z,427,2026-01-29T09:33:20Z,0.9896313157894737
356.82355,2026-01-29T09:32:54Z,28.26,2026-01-29T09:30:20Z,427,2026-01-29T09:33:20Z,0.9896313157894737
356.31082,2026-01-29T09:32:55Z,28.27,2026-01-29T09:30:20Z,427,2026-01-29T09:33:20Z,0.9896313157894737
355.62289,2026-01-29T09:32:56Z,28.28,2026-01-29T09:30:20Z,427,2026-01-29T09:33:20Z,0.9896313157894737
355.72302,2026-01-29T09:32:57Z,28.29,2026-01-29T09:30:20Z,427,2026-01-29T09:33:20Z,0.9896313157894737
355.17703,2026-01-29T09:32:58Z,28.31,2026-01-29T09:30:20Z,427,2026-01-29T09:33:20Z,0.9896313157894737
354.71994,2026-01-29T09:32:59Z,28.33,2026-01-29T09:30:20Z,427,2026-01-29T09:33:20Z,0.9896313157894737
354.17554,2026-01-29T09:33:00Z,28.35,2026-01-29T09:30:20Z,427,2026-01-29T09:33:20Z,0.9896313157894737
354.64032,2026-01-29T09:33:01Z,28.37,2026-01-29T09:30:20Z,427,2026-01-29T09:33:20Z,0.9896313157894737
354.39908,2026-01-29T09:33:02Z,28.39,2026-01-29T09:30:20Z,427,2026-01-29T09:33:20Z,0.9896313157894737
355.01904,2026-01-29T09:33:03Z,28.41,2026-01-29T09:30:20Z,427,2026-01-29T09:33:20Z,0.9896313157894737
353.61505,2026-01-29T09:33:04Z,28.43,2026-01-29T09:30:20Z,427,2026-01-29T09:33:20Z,0.9896313157894737
353.45316,2026-01-29T09:33:05Z,28.45,2026-01-29T09:30:20Z,427,2026-01-29T09:33:20Z,0.9896313157894737
353.79584,2026-01-29T09:33:06Z,28.46,2026-01-29T09:30:20Z,427,2026-01-29T09:33:20Z,0.9896313157894737
352.703,2026-01-29T09:33:07Z,28.47,2026-01-29T09:30:20Z,427,2026-01-29T09:33:20Z,0.9896313157894737
352.29556,2026-01-29T09:33:08Z,28.49,2026-01-29T09:30:20Z,427,2026-01-29T09:33:20Z,0.9896313157894737
352.38855,2026-01-29T09:33:09Z,28.5,2026-01-29T09:30:20Z,427,2026-01-29T09:33:20Z,0.9896313157894737
351.23438,2026-01-29T09:33:10Z,28.51,2026-01-29T09:30:20Z,427,2026-01-29T09:33:20Z,0.9896313157894737
352.70926,2026-01-29T09:33:11Z,28.52,2026-01-29T09:30:20Z,427,2026-01-29T09:33:20Z,0.9896313157894737
352.95493,2026-01-29T09:33:12Z,28.52,2026-01-29T09:30:20Z,427,2026-01-29T09:33:20Z,0.9896313157894737
351.92651,2026-01-29T09:33:13Z,28.53,2026-01-29T09:30:20Z,427,2026-01-29T09:33:20Z,0.9896313157894737
353.20972,2026-01-29T09:33:14Z,28.53,2026-01-29T09:30:20Z,427,2026-01-29T09:33:20Z,0.9896313157894737
353.66742,2026-01-29T09:33:15Z,28.54,2026-01-29T09:30:20Z,427,2026-01-29T09:33:20Z,0.9896313157894737
354.22409,2026-01-29T09:33:16Z,28.55,2026-01-29T09:30:20Z,427,2026-01-29T09:33:20Z,0.9896313157894737
353.30792,2026-01-29T09:33:17Z,28.57,2026-01-29T09:30:20Z,427,2026-01-29T09:33:20Z,0.9896313157894737
352.60638,2026-01-29T09:33:18Z,28.57,2026-01-29T09:30:20Z,427,2026-01-29T09:33:20Z,0.9896313157894737
353.09064,2026-01-29T09:33:19Z,28.58,2026-01-29T09:30:20Z,427,2026-01-29T09:33:20Z,0.9896313157894737
404.42188,2026-01-29T10:10:10Z,18.49,2026-01-29T10:10:10Z,434,2026-01-29T10:13:10Z,0.9896313157894737
402.80835,2026-01-29T10:10:11Z,18.48,2026-01-29T10:10:10Z,434,2026-01-29T10:13:10Z,0.9896313157894737
403.07672,2026-01-29T10:10:12Z,18.47,2026-01-29T10:10:10Z,434,2026-01-29T10:13:10Z,0.9896313157894737
401.19601,2026-01-29T10:10:13Z,18.46,2026-01-29T10:10:10Z,434,2026-01-29T10:13:10Z,0.9896313157894737
401.35117,2026-01-29T10:10:14Z,18.45,2026-01-29T10:10:10Z,434,2026-01-29T10:13:10Z,0.9896313157894737
401.31403,2026-01-29T10:10:15Z,18.44,2026-01-29T10:10:10Z,434,2026-01-29T10:13:10Z,0.9896313157894737
400.77271,2026-01-29T10:10:16Z,18.44,2026-01-29T10:10:10Z,434,2026-01-29T10:13:10Z,0.9896313157894737
400.96143,2026-01-29T10:10:17Z,18.42,2026-01-29T10:10:10Z,434,2026-01-29T10:13:10Z,0.9896313157894737
400.90109,2026-01-29T10:10:18Z,18.41,2026-01-29T10:10:10Z,434,2026-01-29T10:13:10Z,0.9896313157894737
399.92136,2026-01-29T10:10:19Z,18.42,2026-01-29T10:10:10Z,434,2026-01-29T10:13:10Z,0.9896313157894737
399.86792,2026-01-29T10:10:20Z,18.41,2026-01-29T10:10:10Z,434,2026-01-29T10:13:10Z,0.9896313157894737
399.8782,2026-01-29T10:10:21Z,18.4,2026-01-29T10:10:10Z,434,2026-01-29T10:13:10Z,0.9896313157894737
401.14191,2026-01-29T10:10:22Z,18.4,2026-01-29T10:10:10Z,434,2026-01-29T10:13:10Z,0.9896313157894737
400.93018,2026-01-29T10:10:23Z,18.39,2026-01-29T10:10:10Z,434,2026-01-29T10:13:10Z,0.9896313157894737
400.87,2026-01-29T10:10:24Z,18.39,2026-01-29T10:10:10Z,434,2026-01-29T10:13:10Z,0.9896313157894737
400.448,2026-01-29T10:10:25Z,18.39,2026-01-29T10:10:10Z,434,2026-01-29T10:13:10Z,0.9896313157894737
400.81732,2026-01-29T10:10:26Z,18.39,2026-01-29T10:10:10Z,434,2026-01-29T10:13:10Z,0.9896313157894737
400.96875,2026-01-29T10:10:27Z,18.39,2026-01-29T10:10:10Z,434,2026-01-29T10:13:10Z,0.9896313157894737
401.13937,2026-01-29T10:10:28Z,18.39,2026-01-29T10:10:10Z,434,2026-01-29T10:13:10Z,0.9896313157894737
400.95782,2026-01-29T10:10:29Z,18.39,2026-01-29T10:10:10Z,434,2026-01-29T10:13:10Z,0.9896313157894737
400.65643,2026-01-29T10:10:30Z,18.4,2026-01-29T10:10:10Z,434,2026-01-29T10:13:10Z,0.9896313157894737
400.88852,2026-01-29T10:10:31Z,18.4,2026-01-29T10:10:10Z,434,2026-01-29T10:13:10Z,0.9896313157894737
400.94681,2026-01-29T10:10:32Z,18.4,2026-01-29T10:10:10Z,434,2026-01-29T10:13:10Z,0.9896313157894737
401.44147,2026-01-29T10:10:33Z,18.4,2026-01-29T10:10:10Z,434,2026-01-29T10:13:10Z,0.9896313157894737
401.22281,2026-01-29T10:10:34Z,18.4,2026-01-29T10:10:10Z,434,2026-01-29T10:13:10Z,0.9896313157894737
400.9353,2026-01-29T10:10:35Z,18.4,2026-01-29T10:10:10Z,434,2026-01-29T10:13:10Z,0.9896313157894737
400.93964,2026-01-29T10:10:36Z,18.41,2026-01-29T10:10:10Z,434,2026-01-29T10:13:10Z,0.9896313157894737
402.41122,2026-01-29T10:10:37Z,18.41,2026-01-29T10:10:10Z,434,2026-01-29T10:13:10Z,0.9896313157894737
402.41626,2026-01-29T10:10:38Z,18.41,2026-01-29T10:10:10Z,434,2026-01-29T10:13:10Z,0.9896313157894737
403.0152,2026-01-29T10:10:39Z,18.42,2026-01-29T10:10:10Z,434,2026-01-29T10:13:10Z,0.9896313157894737
402.49457,2026-01-29T10:10:40Z,18.42,2026-01-29T10:10:10Z,434,2026-01-29T10:13:10Z,0.9896313157894737
402.74051,2026-01-29T10:10:41Z,18.43,2026-01-29T10:10:10Z,434,2026-01-29T10:13:10Z,0.9896313157894737
402.57333,2026-01-29T10:10:42Z,18.43,2026-01-29T10:10:10Z,434,2026-01-29T10:13:10Z,0.9896313157894737
402.59039,2026-01-29T10:10:43Z,18.43,2026-01-29T10:10:10Z,434,2026-01-29T10:13:10Z,0.9896313157894737
401.88293,2026-01-29T10:10:44Z,18.44,2026-01-29T10:10:10Z,434,2026-01-29T10:13:10Z,0.9896313157894737
402.65265,2026-01-29T10:10:45Z,18.44,2026-01-29T10:10:10Z,434,2026-01-29T10:13:10Z,0.9896313157894737
403.39005,2026-01-29T10:10:46Z,18.45,2026-01-29T10:10:10Z,434,2026-01-29T10:13:10Z,0.9896313157894737
404.4295,2026-01-29T10:10:47Z,18.45,2026-01-29T10:10:10Z,434,2026-01-29T10:13:10Z,0.9896313157894737
404.46991,2026-01-29T10:10:48Z,18.46,2026-01-29T10:10:10Z,434,2026-01-29T10:13:10Z,0.9896313157894737
404.40881,2026-01-29T10:10:49Z,18.47,2026-01-29T10:10:10Z,434,2026-01-29T10:13:10Z,0.9896313157894737
404.75302,2026-01-29T10:10:50Z,18.48,2026-01-29T10:10:10Z,434,2026-01-29T10:13:10Z,0.9896313157894737
404.74777,2026-01-29T10:10:51Z,18.49,2026-01-29T10:10:10Z,434,2026-01-29T10:13:10Z,0.9896313157894737
404.35007,2026-01-29T10:10:52Z,18.49,2026-01-29T10:10:10Z,434,2026-01-29T10:13:10Z,0.9896313157894737
404.56094,2026-01-29T10:10:53Z,18.5,2026-01-29T10:10:10Z,434,2026-01-29T10:13:10Z,0.9896313157894737
406.40457,2026-01-29T10:10:54Z,18.51,2026-01-29T10:10:10Z,434,2026-01-29T10:13:10Z,0.9896313157894737
405.4357,2026-01-29T10:10:55Z,18.51,2026-01-29T10:10:10Z,434,2026-01-29T10:13:10Z,0.9896313157894737
404.96155,2026-01-29T10:10:56Z,18.52,2026-01-29T10:10:10Z,434,2026-01-29T10:13:10Z,0.9896313157894737
405.22327,2026-01-29T10:10:57Z,18.53,2026-01-29T10:10:10Z,434,2026-01-29T10:13:10Z,0.9896313157894737
404.98596,2026-01-29T10:10:58Z,18.54,2026-01-29T10:10:10Z,434,2026-01-29T10:13:10Z,0.9896313157894737
404.33975,2026-01-29T10:10:59Z,18.54,2026-01-29T10:10:10Z,434,2026-01-29T10:13:10Z,0.9896313157894737
405.67734,2026-01-29T10:11:00Z,18.56,2026-01-29T10:10:10Z,434,2026-01-29T10:13:10Z,0.9896313157894737
405.49213,2026-01-29T10:11:01Z,18.57,2026-01-29T10:10:10Z,434,2026-01-29T10:13:10Z,0.9896313157894737
405.4245,2026-01-29T10:11:02Z,18.57,2026-01-29T10:10:10Z,434,2026-01-29T10:13:10Z,0.9896313157894737
407.41824,2026-01-29T10:11:03Z,18.58,2026-01-29T10:10:10Z,434,2026-01-29T10:13:10Z,0.9896313157894737
407.70306,2026-01-29T10:11:04Z,18.58,2026-01-29T10:10:10Z,434,2026-01-29T10:13:10Z,0.9896313157894737
407.71756,2026-01-29T10:11:05Z,18.6,2026-01-29T10:10:10Z,434,2026-01-29T10:13:10Z,0.9896313157894737
407.05826,2026-01-29T10:11:06Z,18.61,2026-01-29T10:10:10Z,434,2026-01-29T10:13:10Z,0.9896313157894737
407.39145,2026-01-29T10:11:07Z,18.62,2026-01-29T10:10:10Z,434,2026-01-29T10:13:10Z,0.9896313157894737
407.61694,2026-01-29T10:11:08Z,18.62,2026-01-29T10:10:10Z,434,2026-01-29T10:13:10Z,0.9896313157894737
408.23776,2026-01-29T10:11:09Z,18.63,2026-01-29T10:10:10Z,434,2026-01-29T10:13:10Z,0.9896313157894737
409.45126,2026-01-29T10:11:10Z,18.64,2026-01-29T10:10:10Z,434,2026-01-29T10:13:10Z,0.9896313157894737
410.59027,2026-01-29T10:11:11Z,18.65,2026-01-29T10:10:10Z,434,2026-01-29T10:13:10Z,0.9896313157894737
411.04788,2026-01-29T10:11:12Z,18.66,2026-01-29T10:10:10Z,434,2026-01-29T10:13:10Z,0.9896313157894737
409.70163,2026-01-29T10:11:13Z,18.67,2026-01-29T10:10:10Z,434,2026-01-29T10:13:10Z,0.9896313157894737
411.03406,2026-01-29T10:11:14Z,18.67,2026-01-29T10:10:10Z,434,2026-01-29T10:13:10Z,0.9896313157894737
409.29181,2026-01-29T10:11:15Z,18.69,2026-01-29T10:10:10Z,434,2026-01-29T10:13:10Z,0.9896313157894737
409.54285,2026-01-29T10:11:16Z,18.7,2026-01-29T10:10:10Z,434,2026-01-29T10:13:10Z,0.9896313157894737
410.04819,2026-01-29T10:11:17Z,18.7,2026-01-29T10:10:10Z,434,2026-01-29T10:13:10Z,0.9896313157894737
410.45013,2026-01-29T10:11:18Z,18.71,2026-01-29T10:10:10Z,434,2026-01-29T10:13:10Z,0.9896313157894737
409.58911,2026-01-29T10:11:19Z,18.73,2026-01-29T10:10:10Z,434,2026-01-29T10:13:10Z,0.9896313157894737
409.93597,2026-01-29T10:11:20Z,18.73,2026-01-29T10:10:10Z,434,2026-01-29T10:13:10Z,0.9896313157894737
410.07681,2026-01-29T10:11:21Z,18.74,2026-01-29T10:10:10Z,434,2026-01-29T10:13:10Z,0.9896313157894737
409.24258,2026-01-29T10:11:22Z,18.76,2026-01-29T10:10:10Z,434,2026-01-29T10:13:10Z,0.9896313157894737
408.82205,2026-01-29T10:11:23Z,18.76,2026-01-29T10:10:10Z,434,2026-01-29T10:13:10Z,0.9896313157894737
410.36868,2026-01-29T10:11:24Z,18.77,2026-01-29T10:10:10Z,434,2026-01-29T10:13:10Z,0.9896313157894737
411.3107,2026-01-29T10:11:25Z,18.78,2026-01-29T10:10:10Z,434,2026-01-29T10:13:10Z,0.9896313157894737
409.90491,2026-01-29T10:11:26Z,18.79,2026-01-29T10:10:10Z,434,2026-01-29T10:13:10Z,0.9896313157894737
410.17728,2026-01-29T10:11:27Z,18.8,2026-01-29T10:10:10Z,434,2026-01-29T10:13:10Z,0.9896313157894737
409.91599,2026-01-29T10:11:28Z,18.81,2026-01-29T10:10:10Z,434,2026-01-29T10:13:10Z,0.9896313157894737
409.41727,2026-01-29T10:11:29Z,18.82,2026-01-29T10:10:10Z,434,2026-01-29T10:13:10Z,0.9896313157894737
411.10916,2026-01-29T10:11:30Z,18.83,2026-01-29T10:10:10Z,434,2026-01-29T10:13:10Z,0.9896313157894737
410.66751,2026-01-29T10:11:31Z,18.84,2026-01-29T10:10:10Z,434,2026-01-29T10:13:10Z,0.9896313157894737
410.64948,2026-01-29T10:11:32Z,18.85,2026-01-29T10:10:10Z,434,2026-01-29T10:13:10Z,0.9896313157894737
409.81277,2026-01-29T10:11:33Z,18.86,2026-01-29T10:10:10Z,434,2026-01-29T10:13:10Z,0.9896313157894737
410.13864,2026-01-29T10:11:34Z,18.87,2026-01-29T10:10:10Z,434,2026-01-29T10:13:10Z,0.9896313157894737
410.9812,2026-01-29T10:11:35Z,18.88,2026-01-29T10:10:10Z,434,2026-01-29T10:13:10Z,0.9896313157894737
411.63797,2026-01-29T10:11:36Z,18.89,2026-01-29T10:10:10Z,434,2026-01-29T10:13:10Z,0.9896313157894737
411.09088,2026-01-29T10:11:37Z,18.91,2026-01-29T10:10:10Z,434,2026-01-29T10:13:10Z,0.9896313157894737
410.8183,2026-01-29T10:11:38Z,18.92,2026-01-29T10:10:10Z,434,2026-01-29T10:13:10Z,0.9896313157894737
411.05142,2026-01-29T10:11:39Z,18.93,2026-01-29T10:10:10Z,434,2026-01-29T10:13:10Z,0.9896313157894737
412.04584,2026-01-29T10:11:40Z,18.94,2026-01-29T10:10:10Z,434,2026-01-29T10:13:10Z,0.9896313157894737
411.5264,2026-01-29T10:11:41Z,18.95,2026-01-29T10:10:10Z,434,2026-01-29T10:13:10Z,0.9896313157894737
410.86646,2026-01-29T10:11:42Z,18.96,2026-01-29T10:10:10Z,434,2026-01-29T10:13:10Z,0.9896313157894737
411.30649,2026-01-29T10:11:43Z,18.98,2026-01-29T10:10:10Z,434,2026-01-29T10:13:10Z,0.9896313157894737
410.4704,2026-01-29T10:11:44Z,18.99,2026-01-29T10:10:10Z,434,2026-01-29T10:13:10Z,0.9896313157894737
411.33182,2026-01-29T10:11:45Z,19,2026-01-29T10:10:10Z,434,2026-01-29T10:13:10Z,0.9896313157894737
411.25049,2026-01-29T10:11:46Z,19.01,2026-01-29T10:10:10Z,434,2026-01-29T10:13:10Z,0.9896313157894737
410.82523,2026-01-29T10:11:47Z,19.02,2026-01-29T10:10:10Z,434,2026-01-29T10:13:10Z,0.9896313157894737
411.81189,2026-01-29T10:11:48Z,19.03,2026-01-29T10:10:10Z,434,2026-01-29T10:13:10Z,0.9896313157894737
411.00479,2026-01-29T10:11:49Z,19.04,2026-01-29T10:10:10Z,434,2026-01-29T10:13:10Z,0.9896313157894737
412.61667,2026-01-29T10:11:50Z,19.05,2026-01-29T10:10:10Z,434,2026-01-29T10:13:10Z,0.9896313157894737
412.5452,2026-01-29T10:11:51Z,19.06,2026-01-29T10:10:10Z,434,2026-01-29T10:13:10Z,0.9896313157894737
413.65884,2026-01-29T10:11:52Z,19.08,2026-01-29T10:10:10Z,434,2026-01-29T10:13:10Z,0.9896313157894737
413.81351,2026-01-29T10:11:53Z,19.09,2026-01-29T10:10:10Z,434,2026-01-29T10:13:10Z,0.9896313157894737
413.47214,2026-01-29T10:11:54Z,19.1,2026-01-29T10:10:10Z,434,2026-01-29T10:13:10Z,0.9896313157894737
414.03775,2026-01-29T10:11:55Z,19.11,2026-01-29T10:10:10Z,434,2026-01-29T10:13:10Z,0.9896313157894737
414.72226,2026-01-29T10:11:56Z,19.12,2026-01-29T10:10:10Z,434,2026-01-29T10:13:10Z,0.9896313157894737
416.37582,2026-01-29T10:11:57Z,19.14,2026-01-29T10:10:10Z,434,2026-01-29T10:13:10Z,0.9896313157894737
414.80222,2026-01-29T10:11:58Z,19.15,2026-01-29T10:10:10Z,434,2026-01-29T10:13:10Z,0.9896313157894737
416.98911,2026-01-29T10:11:59Z,19.15,2026-01-29T10:10:10Z,434,2026-01-29T10:13:10Z,0.9896313157894737
416.62659,2026-01-29T10:12:00Z,19.16,2026-01-29T10:10:10Z,434,2026-01-29T10:13:10Z,0.9896313157894737
416.21594,2026-01-29T10:12:01Z,19.18,2026-01-29T10:10:10Z,434,2026-01-29T10:13:10Z,0.9896313157894737
415.92413,2026-01-29T10:12:02Z,19.19,2026-01-29T10:10:10Z,434,2026-01-29T10:13:10Z,0.9896313157894737
417.24677,2026-01-29T10:12:03Z,19.2,2026-01-29T10:10:10Z,434,2026-01-29T10:13:10Z,0.9896313157894737
415.52695,2026-01-29T10:12:04Z,19.21,2026-01-29T10:10:10Z,434,2026-01-29T10:13:10Z,0.9896313157894737
415.68286,2026-01-29T10:12:05Z,19.22,2026-01-29T10:10:10Z,434,2026-01-29T10:13:10Z,0.9896313157894737
416.47452,2026-01-29T10:12:06Z,19.23,2026-01-29T10:10:10Z,434,2026-01-29T10:13:10Z,0.9896313157894737
416.50745,2026-01-29T10:12:07Z,19.25,2026-01-29T10:10:10Z,434,2026-01-29T10:13:10Z,0.9896313157894737
416.5759,2026-01-29T10:12:08Z,19.25,2026-01-29T10:10:10Z,434,2026-01-29T10:13:10Z,0.9896313157894737
416.85248,2026-01-29T10:12:09Z,19.26,2026-01-29T10:10:10Z,434,2026-01-29T10:13:10Z,0.9896313157894737
417.08545,2026-01-29T10:12:10Z,19.27,2026-01-29T10:10:10Z,434,2026-01-29T10:13:10Z,0.9896313157894737
416.45178,2026-01-29T10:12:11Z,19.28,2026-01-29T10:10:10Z,434,2026-01-29T10:13:10Z,0.9896313157894737
416.91754,2026-01-29T10:12:12Z,19.29,2026-01-29T10:10:10Z,434,2026-01-29T10:13:10Z,0.9896313157894737
416.61575,2026-01-29T10:12:13Z,19.3,2026-01-29T10:10:10Z,434,2026-01-29T10:13:10Z,0.9896313157894737
415.49963,2026-01-29T10:12:14Z,19.32,2026-01-29T10:10:10Z,434,2026-01-29T10:13:10Z,0.9896313157894737
415.47305,2026-01-29T10:12:15Z,19.34,2026-01-29T10:10:10Z,434,2026-01-29T10:13:10Z,0.9896313157894737
415.24631,2026-01-29T10:12:16Z,19.34,2026-01-29T10:10:10Z,434,2026-01-29T10:13:10Z,0.9896313157894737
414.23608,2026-01-29T10:12:17Z,19.35,2026-01-29T10:10:10Z,434,2026-01-29T10:13:10Z,0.9896313157894737
414.61328,2026-01-29T10:12:18Z,19.36,2026-01-29T10:10:10Z,434,2026-01-29T10:13:10Z,0.9896313157894737
415.07852,2026-01-29T10:12:19Z,19.37,2026-01-29T10:10:10Z,434,2026-01-29T10:13:10Z,0.9896313157894737
415.4805,2026-01-29T10:12:20Z,19.38,2026-01-29T10:10:10Z,434,2026-01-29T10:13:10Z,0.9896313157894737
415.41513,2026-01-29T10:12:21Z,19.39,2026-01-29T10:10:10Z,434,2026-01-29T10:13:10Z,0.9896313157894737
414.46255,2026-01-29T10:12:22Z,19.4,2026-01-29T10:10:10Z,434,2026-01-29T10:13:10Z,0.9896313157894737
415.37698,2026-01-29T10:12:23Z,19.41,2026-01-29T10:10:10Z,434,2026-01-29T10:13:10Z,0.9896313157894737
415.13538,2026-01-29T10:12:24Z,19.42,2026-01-29T10:10:10Z,434,2026-01-29T10:13:10Z,0.9896313157894737
415.09436,2026-01-29T10:12:25Z,19.43,2026-01-29T10:10:10Z,434,2026-01-29T10:13:10Z,0.9896313157894737
415.38306,2026-01-29T10:12:26Z,19.45,2026-01-29T10:10:10Z,434,2026-01-29T10:13:10Z,0.9896313157894737
415.38266,2026-01-29T10:12:27Z,19.45,2026-01-29T10:10:10Z,434,2026-01-29T10:13:10Z,0.9896313157894737
416.09253,2026-01-29T10:12:28Z,19.46,2026-01-29T10:10:10Z,434,2026-01-29T10:13:10Z,0.9896313157894737
415.21185,2026-01-29T10:12:29Z,19.47,2026-01-29T10:10:10Z,434,2026-01-29T10:13:10Z,0.9896313157894737
415.63638,2026-01-29T10:12:30Z,19.48,2026-01-29T10:10:10Z,434,2026-01-29T10:13:10Z,0.9896313157894737
415.2113,2026-01-29T10:12:31Z,19.49,2026-01-29T10:10:10Z,434,2026-01-29T10:13:10Z,0.9896313157894737
415.0556,2026-01-29T10:12:32Z,19.5,2026-01-29T10:10:10Z,434,2026-01-29T10:13:10Z,0.9896313157894737
416.06128,2026-01-29T10:12:33Z,19.52,2026-01-29T10:10:10Z,434,2026-01-29T10:13:10Z,0.9896313157894737
416.1268,2026-01-29T10:12:34Z,19.53,2026-01-29T10:10:10Z,434,2026-01-29T10:13:10Z,0.9896313157894737
416.68707,2026-01-29T10:12:35Z,19.53,2026-01-29T10:10:10Z,434,2026-01-29T10:13:10Z,0.9896313157894737
416.62634,2026-01-29T10:12:36Z,19.55,2026-01-29T10:10:10Z,434,2026-01-29T10:13:10Z,0.9896313157894737
416.49146,2026-01-29T10:12:37Z,19.55,2026-01-29T10:10:10Z,434,2026-01-29T10:13:10Z,0.9896313157894737
416.41727,2026-01-29T10:12:38Z,19.57,2026-01-29T10:10:10Z,434,2026-01-29T10:13:10Z,0.9896313157894737
415.72119,2026-01-29T10:12:39Z,19.58,2026-01-29T10:10:10Z,434,2026-01-29T10:13:10Z,0.9896313157894737
416.43829,2026-01-29T10:12:40Z,19.59,2026-01-29T10:10:10Z,434,2026-01-29T10:13:10Z,0.9896313157894737
417.21823,2026-01-29T10:12:41Z,19.6,2026-01-29T10:10:10Z,434,2026-01-29T10:13:10Z,0.9896313157894737
418.23911,2026-01-29T10:12:42Z,19.6,2026-01-29T10:10:10Z,434,2026-01-29T10:13:10Z,0.9896313157894737
418.17273,2026-01-29T10:12:43Z,19.61,2026-01-29T10:10:10Z,434,2026-01-29T10:13:10Z,0.9896313157894737
417.24652,2026-01-29T10:12:44Z,19.62,2026-01-29T10:10:10Z,434,2026-01-29T10:13:10Z,0.9896313157894737
417.7016,2026-01-29T10:12:45Z,19.63,2026-01-29T10:10:10Z,434,2026-01-29T10:13:10Z,0.9896313157894737
418.67944,2026-01-29T10:12:46Z,19.64,2026-01-29T10:10:10Z,434,2026-01-29T10:13:10Z,0.9896313157894737
420.49884,2026-01-29T10:12:47Z,19.65,2026-01-29T10:10:10Z,434,2026-01-29T10:13:10Z,0.9896313157894737
421.02835,2026-01-29T10:12:48Z,19.66,2026-01-29T10:10:10Z,434,2026-01-29T10:13:10Z,0.9896313157894737
420.16391,2026-01-29T10:12:49Z,19.67,2026-01-29T10:10:10Z,434,2026-01-29T10:13:10Z,0.9896313157894737
420.36478,2026-01-29T10:12:50Z,19.68,2026-01-29T10:10:10Z,434,2026-01-29T10:13:10Z,0.9896313157894737
420.24734,2026-01-29T10:12:51Z,19.69,2026-01-29T10:10:10Z,434,2026-01-29T10:13:10Z,0.9896313157894737
420.3537,2026-01-29T10:12:52Z,19.7,2026-01-29T10:10:10Z,434,2026-01-29T10:13:10Z,0.9896313157894737
420.78406,2026-01-29T10:12:53Z,19.71,2026-01-29T10:10:10Z,434,2026-01-29T10:13:10Z,0.9896313157894737
419.72202,2026-01-29T10:12:54Z,19.72,2026-01-29T10:10:10Z,434,2026-01-29T10:13:10Z,0.9896313157894737
419.40027,2026-01-29T10:12:55Z,19.74,2026-01-29T10:10:10Z,434,2026-01-29T10:13:10Z,0.9896313157894737
418.39874,2026-01-29T10:12:56Z,19.74,2026-01-29T10:10:10Z,434,2026-01-29T10:13:10Z,0.9896313157894737
418.88843,2026-01-29T10:12:57Z,19.75,2026-01-29T10:10:10Z,434,2026-01-29T10:13:10Z,0.9896313157894737
418.43323,2026-01-29T10:12:58Z,19.76,2026-01-29T10:10:10Z,434,2026-01-29T10:13:10Z,0.9896313157894737
417.66235,2026-01-29T10:12:59Z,19.77,2026-01-29T10:10:10Z,434,2026-01-29T10:13:10Z,0.9896313157894737
416.57236,2026-01-29T10:13:00Z,19.79,2026-01-29T10:10:10Z,434,2026-01-29T10:13:10Z,0.9896313157894737
416.14145,2026-01-29T10:13:01Z,19.8,2026-01-29T10:10:10Z,434,2026-01-29T10:13:10Z,0.9896313157894737
416.82169,2026-01-29T10:13:02Z,19.81,2026-01-29T10:10:10Z,434,2026-01-29T10:13:10Z,0.9896313157894737
416.87418,2026-01-29T10:13:03Z,19.82,2026-01-29T10:10:10Z,434,2026-01-29T10:13:10Z,0.9896313157894737
415.72656,2026-01-29T10:13:04Z,19.83,2026-01-29T10:10:10Z,434,2026-01-29T10:13:10Z,0.9896313157894737
414.45712,2026-01-29T10:13:05Z,19.84,2026-01-29T10:10:10Z,434,2026-01-29T10:13:10Z,0.9896313157894737
413.32697,2026-01-29T10:13:06Z,19.85,2026-01-29T10:10:10Z,434,2026-01-29T10:13:10Z,0.9896313157894737
413.05313,2026-01-29T10:13:07Z,19.86,2026-01-29T10:10:10Z,434,2026-01-29T10:13:10Z,0.9896313157894737
413.19125,2026-01-29T10:13:08Z,19.88,2026-01-29T10:10:10Z,434,2026-01-29T10:13:10Z,0.9896313157894737
414.21832,2026-01-29T10:13:09Z,19.89,2026-01-29T10:10:10Z,434,2026-01-29T10:13:10Z,0.9896313157894737
